{"0_08:00": {"stat_arr_mean": 75.12790697674419, "stat_wait_p90": 28.151694468411463}, "0_08:30": {"stat_arr_mean": 45.46511627906977, "stat_wait_p90": 36.14001322751322}, "0_09:00": {"stat_arr_mean": 35.97674418604651, "stat_wait_p90": 33.78989991830065}, "0_09:30": {"stat_arr_mean": 27.24418604651163, "stat_wait_p90": 27.41587643678161}, "0_10:00": {"stat_arr_mean": 21.941860465116278, "stat_wait_p90": 17.889100829725827}, "0_10:30": {"stat_arr_mean": 19.872093023255815, "stat_wait_p90": 10.29957428693061}, "0_11:00": {"stat_arr_mean": 14.476744186046512, "stat_wait_p90": 6.450729166666667}, "0_11:30": {"stat_arr_mean": 11.63953488372093, "stat_wait_p90": 6.025967261904762}, "0_12:00": {"stat_arr_mean": 11.046511627906977, "stat_wait_p90": 5.671830484330484}, "0_12:30": {"stat_arr_mean": 11.848837209302326, "stat_wait_p90": 6.100579975579976}, "0_13:00": {"stat_arr_mean": 11.05813953488372, "stat_wait_p90": 5.367336309523809}, "0_13:30": {"stat_arr_mean": 8.674418604651162, "stat_wait_p90": 4.43587962962963}, "0_14:00": {"stat_arr_mean": 6.255813953488372, "stat_wait_p90": 5.729722222222223}, "0_14:30": {"stat_arr_mean": 4.453488372093023, "stat_wait_p90": 4.16125}, "0_15:00": {"stat_arr_mean": 2.802325581395349, "stat_wait_p90": 4.654166666666667}, "0_15:30": {"stat_arr_mean": 2.1744186046511627, "stat_wait_p90": 3.7777777777777777}, "0_16:00": {"stat_arr_mean": 1.1744186046511629, "stat_wait_p90": 3.68125}, "0_16:30": {"stat_arr_mean": 0.5232558139534884, "stat_wait_p90": 2.833333333333333}, "0_17:00": {"stat_arr_mean": 0.011627906976744186, "stat_wait_p90": 0.0}, "0_17:30": {"stat_arr_mean": 0.0, "stat_wait_p90": 0.0}, "1_08:00": {"stat_arr_mean": 88.84883720930233, "stat_wait_p90": 26.901122766122768}, "1_08:30": {"stat_arr_mean": 59.7093023255814, "stat_wait_p90": 36.48422899820305}, "1_09:00": {"stat_arr_mean": 53.44186046511628, "stat_wait_p90": 36.49828869047619}, "1_09:30": {"stat_arr_mean": 39.54651162790697, "stat_wait_p90": 31.8250146627566}, "1_10:00": {"stat_arr_mean": 31.53488372093023, "stat_wait_p90": 21.917954822954822}, "1_10:30": {"stat_arr_mean": 28.558139534883722, "stat_wait_p90": 13.080617147080563}, "1_11:00": {"stat_arr_mean": 21.093023255813954, "stat_wait_p90": 7.541254578754578}, "1_11:30": {"stat_arr_mean": 13.13953488372093, "stat_wait_p90": 5.654142156862745}, "1_12:00": {"stat_arr_mean": 10.476744186046512, "stat_wait_p90": 5.291666666666666}, "1_12:30": {"stat_arr_mean": 11.36046511627907, "stat_wait_p90": 5.065079365079365}, "1_13:00": {"stat_arr_mean": 11.348837209302326, "stat_wait_p90": 5.432142857142857}, "1_13:30": {"stat_arr_mean": 9.348837209302326, "stat_wait_p90": 5.238194444444444}, "1_14:00": {"stat_arr_mean": 7.0813953488372094, "stat_wait_p90": 5.190104166666666}, "1_14:30": {"stat_arr_mean": 4.5813953488372094, "stat_wait_p90": 3.901666666666667}, "1_15:00": {"stat_arr_mean": 3.2093023255813953, "stat_wait_p90": 4.795}, "1_15:30": {"stat_arr_mean": 2.5930232558139537, "stat_wait_p90": 3.9244444444444446}, "1_16:00": {"stat_arr_mean": 1.5465116279069768, "stat_wait_p90": 3.5358333333333336}, "1_16:30": {"stat_arr_mean": 0.4883720930232558, "stat_wait_p90": 2.5}, "1_17:00": {"stat_arr_mean": 0.03488372093023256, "stat_wait_p90": 0.0}, "1_17:30": {"stat_arr_mean": 0.0, "stat_wait_p90": 0.0}, "2_08:00": {"stat_arr_mean": 111.77906976744185, "stat_wait_p90": 31.19918333333333}, "2_08:30": {"stat_arr_mean": 62.33720930232558, "stat_wait_p90": 48.379334730225246}, "2_09:00": {"stat_arr_mean": 48.104651162790695, "stat_wait_p90": 47.24458799648892}, "2_09:30": {"stat_arr_mean": 34.47674418604651, "stat_wait_p90": 38.6343643707483}, "2_10:00": {"stat_arr_mean": 31.197674418604652, "stat_wait_p90": 28.149}, "2_10:30": {"stat_arr_mean": 26.767441860465116, "stat_wait_p90": 14.358249721293198}, "2_11:00": {"stat_arr_mean": 20.872093023255815, "stat_wait_p90": 8.405646332607116}, "2_11:30": {"stat_arr_mean": 15.325581395348838, "stat_wait_p90": 4.966620879120879}, "2_12:00": {"stat_arr_mean": 14.63953488372093, "stat_wait_p90": 5.067809364548495}, "2_12:30": {"stat_arr_mean": 14.709302325581396, "stat_wait_p90": 4.247857142857143}, "2_13:00": {"stat_arr_mean": 14.511627906976743, "stat_wait_p90": 5.6142676767676765}, "2_13:30": {"stat_arr_mean": 12.05813953488372, "stat_wait_p90": 5.718322649572649}, "2_14:00": {"stat_arr_mean": 7.8604651162790695, "stat_wait_p90": 5.189583333333333}, "2_14:30": {"stat_arr_mean": 4.674418604651163, "stat_wait_p90": 5.426785714285714}, "2_15:00": {"stat_arr_mean": 2.7906976744186047, "stat_wait_p90": 3.9697222222222224}, "2_15:30": {"stat_arr_mean": 2.4069767441860463, "stat_wait_p90": 4.325}, "2_16:00": {"stat_arr_mean": 1.813953488372093, "stat_wait_p90": 3.3291666666666666}, "2_16:30": {"stat_arr_mean": 0.5697674418604651, "stat_wait_p90": 2.8}, "2_17:00": {"stat_arr_mean": 0.011627906976744186, "stat_wait_p90": 0.0}, "2_17:30": {"stat_arr_mean": 0.0, "stat_wait_p90": 0.0}, "3_08:00": {"stat_arr_mean": 75.47126436781609, "stat_wait_p90": 24.94183355825461}, "3_08:30": {"stat_arr_mean": 49.67816091954023, "stat_wait_p90": 27.07482952664681}, "3_09:00": {"stat_arr_mean": 42.54022988505747, "stat_wait_p90": 23.50469298245614}, "3_09:30": {"stat_arr_mean": 34.18390804597701, "stat_wait_p90": 18.55720068906116}, "3_10:00": {"stat_arr_mean": 28.160919540229884, "stat_wait_p90": 12.731018518518521}, "3_10:30": {"stat_arr_mean": 21.42528735632184, "stat_wait_p90": 8.032005012531329}, "3_11:00": {"stat_arr_mean": 13.551724137931034, "stat_wait_p90": 5.315888888888891}, "3_11:30": {"stat_arr_mean": 10.758620689655173, "stat_wait_p90": 4.548105263157895}, "3_12:00": {"stat_arr_mean": 9.655172413793103, "stat_wait_p90": 5.061931818181818}, "3_12:30": {"stat_arr_mean": 10.367816091954023, "stat_wait_p90": 5.44862470862471}, "3_13:00": {"stat_arr_mean": 9.149425287356323, "stat_wait_p90": 4.7697643097643105}, "3_13:30": {"stat_arr_mean": 6.873563218390805, "stat_wait_p90": 4.335333333333335}, "3_14:00": {"stat_arr_mean": 4.517241379310345, "stat_wait_p90": 4.474333333333334}, "3_14:30": {"stat_arr_mean": 3.206896551724138, "stat_wait_p90": 4.0933333333333355}, "3_15:00": {"stat_arr_mean": 2.5632183908045976, "stat_wait_p90": 4.04555555555556}, "3_15:30": {"stat_arr_mean": 1.6436781609195403, "stat_wait_p90": 3.5253333333333345}, "3_16:00": {"stat_arr_mean": 1.6436781609195403, "stat_wait_p90": 3.403333333333336}, "3_16:30": {"stat_arr_mean": 0.5977011494252874, "stat_wait_p90": 3.2000000000000015}, "3_17:00": {"stat_arr_mean": 0.022988505747126436, "stat_wait_p90": 0.0}, "3_17:30": {"stat_arr_mean": 0.0, "stat_wait_p90": 0.0}, "4_08:00": {"stat_arr_mean": 105.37209302325581, "stat_wait_p90": 31.530221159882174}, "4_08:30": {"stat_arr_mean": 57.58139534883721, "stat_wait_p90": 47.07589227774173}, "4_09:00": {"stat_arr_mean": 51.16279069767442, "stat_wait_p90": 45.12651946818613}, "4_09:30": {"stat_arr_mean": 37.616279069767444, "stat_wait_p90": 37.75512360446571}, "4_10:00": {"stat_arr_mean": 32.093023255813954, "stat_wait_p90": 27.08255291005291}, "4_10:30": {"stat_arr_mean": 27.46511627906977, "stat_wait_p90": 13.625438596491227}, "4_11:00": {"stat_arr_mean": 20.25581395348837, "stat_wait_p90": 6.345918803418804}, "4_11:30": {"stat_arr_mean": 17.36046511627907, "stat_wait_p90": 5.8982265446224265}, "4_12:00": {"stat_arr_mean": 19.593023255813954, "stat_wait_p90": 6.336927536231884}, "4_12:30": {"stat_arr_mean": 19.03488372093023, "stat_wait_p90": 6.173212121212121}, "4_13:00": {"stat_arr_mean": 16.91860465116279, "stat_wait_p90": 6.9769641495041945}, "4_13:30": {"stat_arr_mean": 12.593023255813954, "stat_wait_p90": 5.747243107769424}, "4_14:00": {"stat_arr_mean": 9.034883720930232, "stat_wait_p90": 4.995833333333334}, "4_14:30": {"stat_arr_mean": 5.430232558139535, "stat_wait_p90": 4.382539682539683}, "4_15:00": {"stat_arr_mean": 3.13953488372093, "stat_wait_p90": 4.355555555555556}, "4_15:30": {"stat_arr_mean": 2.4186046511627906, "stat_wait_p90": 5.758333333333333},