{"a": 0.728670758233967, "b": 2.3815653650404247, "blend_alpha": 0.65}