{"a": 0.728670758233967, "b": 2.3815653650404247, "alpha": 0.55, "floor_ratio": 0.9}