{"a": -3.7396273172939373e-07, "b": 8.92359308719118, "alpha_base": 0.6, "alpha_peak": 0.25}