{"a": 1.0052607454004858, "b": -3.8097900878115176, "alpha": 0.6, "floor_ratio": 0.9}