{"a": 0.728670758233967, "b": 2.3815653650404247, "alpha_base": 0.65, "alpha_peak": 0.3}