{"a": 0.7674292959254626, "b": 2.253982301220229, "blend_alpha": 0.65}