{"a": -3.7396273172939373e-07, "b": 8.92359308719118, "alpha": 0.65, "floor_ratio": 0.7}